
-- Comandos SQL: DML - Insert

insert into funcionario (nome, sexo, ch, email, habilidade, dataAdmissao, salario, cpf, dataNasc)
	values  ("Ana Paula", "F", 40, "anapaula@gmail.com", "Design Gráfico, Branding", "2022-04-10 09:00:00", 3800.00, "222.333.444-55", "1991-03-25"),
			("Carlos Eduardo", "M", 40, "carlosedu@gmail.com", "SEO, Estratégia de Conteúdo", "2021-06-15 09:00:00", 4100.00, "333.444.555-66", "1988-11-30"),
			("Fernanda Soares", "F", 35, "fernandasoares@gmail.com", "Redação Publicitária, Copywriting", "2023-08-01 09:00:00", 3500.00, "444.555.666-77", "1995-07-12"),
			("Roberto Nunes", "M", 40, "robertonunes@gmail.com", "Edição de Vídeos, Motion Graphics", "2020-11-20 09:00:00", 4200.00, "555.666.777-88", "1990-05-05"),
			("Isabela Almeida", "F", 30, "isabela.almeida@gmail.com", "Fotografia, Direção de Arte", "2022-03-18 09:00:00", 3900.00, "666.777.888-99", "1993-02-22"),
			("Lucas Silva", "M", 45, "lucas.silva@gmail.com", "Análise de Dados, Marketing Digital", "2021-09-12 09:00:00", 4300.00, "777.888.999-00", "1986-06-18"),
			("Juliana Lima", "F", 40, "julianalima@gmail.com", "Social Media, Planejamento de Conteúdo", "2023-05-30 09:00:00", 4000.00, "888.999.000-11", "1992-04-28"),
			("Marcos Vinicius", "M", 35, "marcos.vinicius@gmail.com", "Desenvolvimento Web, UX/UI", "2020-02-10 09:00:00", 4600.00, "999.000.111-22", "1989-08-14"),
			("Patrícia Costa", "F", 40, "patriciacosta@gmail.com", "Gestão de Projetos, Agile", "2021-10-08 09:00:00", 4500.00, "000.111.222-33", "1987-12-12"),
			("Thiago Martins", "M", 40, "thiagomartins@gmail.com", "Publicidade Online, Google Ads", "2023-07-22 09:00:00", 4200.00, "111.222.333-44", "1994-11-17"),
			("Mariana Oliveira", "F", 40, "mariana.oliveira@gmail.com", "Gestão de Redes Sociais, Estratégia de Marca", "2022-01-27 09:00:00", 4100.00, "222.333.444-55", "1991-09-29"),
			("Gustavo Ferreira", "M", 45, "gustavo.ferreira@gmail.com", "Criação de Campanhas Publicitárias, Branding", "2020-05-14 09:00:00", 4700.00, "333.444.555-66", "1985-07-09"),
			("Beatriz Mendes", "F", 40, "beatriz.mendes@gmail.com", "Fotografia de Produto, Edição de Imagem", "2023-09-04 09:00:00", 3850.00, "444.555.666-77", "1996-01-13"),
			("Fábio Moreira", "M", 40, "fabio.moreira@gmail.com", "Marketing de Influência, Parcerias", "2022-02-23 09:00:00", 4050.00, "555.666.777-88", "1989-03-19"),
			("Amanda Ribeiro", "F", 35, "amanda.ribeiro@gmail.com", "Jornalismo Digital, Produção de Conteúdo", "2021-08-17 09:00:00", 3700.00, "666.777.888-99", "1993-11-05"),
			("Ricardo Souza", "M", 40, "ricardo.souza@gmail.com", "Análise de Mercado, Pesquisa de Tendências", "2020-12-12 09:00:00", 4350.00, "777.888.999-00", "1988-04-03"),
			("Larissa Duarte", "F", 40, "larissa.duarte@gmail.com", "Gestão de Equipes, Comunicação Interna", "2023-03-10 09:00:00", 4150.00, "888.999.000-11", "1991-10-10"),
			("Pedro Almeida", "M", 45, "pedro.almeida@gmail.com", "SEO Avançado, Marketing de Conteúdo", "2022-06-25 09:00:00", 4400.00, "999.000.111-22", "1987-05-01"),
			("Natália Campos", "F", 40, "natalia.campos@gmail.com", "Marketing Digital, E-commerce", "2023-04-04 09:00:00", 4000.00, "000.111.222-33", "1995-08-18"),
			("Leonardo Barbosa", "M", 40, "leonardo.barbosa@gmail.com", "Produção Audiovisual, Podcasting", "2021-03-06 09:00:00", 4050.00, "111.222.333-44", "1990-02-15"),
			("Camila Gomes", "F", 40, "camila.gomes@gmail.com", "Criação de Conteúdo, Copywriting", "2020-09-30 09:00:00", 3750.00, "222.333.444-55", "1992-12-21"),
			("Vinícius Cardoso", "M", 40, "vinicius.cardoso@gmail.com", "Edição de Vídeos, Motion Graphics", "2023-01-15 09:00:00", 4100.00, "333.444.555-66", "1994-07-30"),
			("Bruna Cavalcanti", "F", 40, "bruna.cavalcanti@gmail.com", "Mídia Paga, Facebook Ads", "2021-11-18 09:00:00", 4000.00, "444.555.666-77", "1993-06-06"),
			("Henrique Azevedo", "M", 45, "henrique.azevedo@gmail.com", "Gestão de Crises, Comunicação Estratégica", "2022-07-14 09:00:00", 4500.00, "555.666.777-88", "1986-09-25"),
			("Sofia Martins", "F", 35, "sofia.martins@gmail.com", "Social Media, Criação de Conteúdo", "2023-10-01 09:00:00", 3850.00, "666.777.888-99", "1995-02-27"),
			("Felipe Rocha", "M", 40, "felipe.rocha@gmail.com", "Criação de Anúncios, Google Ads", "2020-08-22 09:00:00", 4300.00, "777.888.999-00", "1989-06-23"),
			("Rafaela Menezes", "F", 40, "rafaela.menezes@gmail.com", "Gestão de Clientes, Atendimento ao Cliente", "2022-10-27 09:00:00", 3900.00, "888.999.000-11", "1993-03-30"),
			("André Vasconcelos", "M", 40, "andre.vasconcelos@gmail.com", "Desenvolvimento Web, SEO Técnico", "2021-12-05 09:00:00", 4400.00, "999.000.111-22", "1990-09-16"),
			("Laura Neves", "F", 40, "laura.neves@gmail.com", "Gestão de Mídias Sociais, Estratégia de Marca", "2023-02-19 09:00:00", 4050.00, "000.111.222-33", "1994-05-22");


insert into cargo (idCargo, nome, faixaSalarial, Funcionarios_id)
	values  (1, "Designer Gráfico", 3800.00, 1),
			(2, "SEO Specialist", 4100.00, 2),
			(3, "Copywriter", 3500.00, 3),
			(4, "Editor de Vídeos", 4200.00, 4),
			(5, "Fotógrafo", 3900.00, 5),
			(6, "Analista de Dados", 4300.00, 6),
			(7, "Social Media Manager", 4000.00, 7),
			(8, "Desenvolvedor Web", 4600.00, 8),
			(9, "Gerente de Projetos", 4500.00, 9),
			(10, "Especialista em Google Ads", 4200.00, 10),
			(11, "Gerente de Redes Sociais", 4100.00, 11),
			(12, "Diretor de Campanhas Publicitárias", 4700.00, 12),
			(13, "Fotógrafo de Produto", 3850.00, 13),
			(14, "Especialista em Marketing de Influência", 4050.00, 14),
			(15, "Jornalista Digital", 3700.00, 15),
			(16, "Analista de Mercado", 4350.00, 16),
			(17, "Gestora de Comunicação Interna", 4150.00, 17),
			(18, "SEO Técnico", 4400.00, 18),
			(19, "Especialista em E-commerce", 4000.00, 19),
			(20, "Produtor Audiovisual", 4050.00, 20),
			(21, "Copywriter", 3750.00, 21),
			(22, "Editor de Vídeos", 4100.00, 22),
			(23, "Especialista em Facebook Ads", 4000.00, 23),
			(24, "Gestor de Crises", 4500.00, 24),
			(25, "Gerente de Redes Sociais", 3850.00, 25),
			(26, "Especialista em Google Ads", 4300.00, 26),
			(27, "Gerente de Atendimento ao Cliente", 3900.00, 27),
			(28, "Desenvolvedor Web", 4400.00, 28),
			(29, "Gerente de Mídias Sociais", 4050.00, 29);
            
insert into dependente (idDependente, nome, CPF, parentesco, dataNasc, Funcionarios_id)
	values  (1, "Lucas Paula", "111.222.333-44", "Filho", "2015-05-10", 1),
			(2, "Gabriela Eduardo", "222.333.444-55", "Filha", "2012-07-25", 2),
			(3, "Rafael Soares", "333.444.555-66", "Irmão", "1999-11-18", 3),
			(4, "Maria Nunes", "444.555.666-77", "Filha", "2017-02-12", 4),
			(5, "Pedro Almeida", "555.666.777-88", "Irmão", "1995-03-09", 5),
			(6, "Carla Silva", "666.777.888-99", "Filha", "2016-10-22", 6),
			(7, "João Lima", "777.888.999-00", "Sobrinho", "2008-01-05", 7),
			(8, "Renato Vinicius", "888.999.000-11", "Filho", "2014-09-14", 8),
			(9, "Lúcia Costa", "999.000.111-22", "Filha", "2018-03-30", 9),
			(10, "Thiago Martins", "000.111.222-33", "Filho", "2019-06-07", 10),
			(11, "Clara Oliveira", "111.222.333-44", "Filha", "2017-08-19", 11),
			(12, "Fernanda Ferreira", "222.333.444-55", "Filha", "2015-11-02", 12),
			(13, "Juliana Mendes", "333.444.555-66", "Irmã", "1998-04-12", 13),
			(14, "Mateus Moreira", "444.555.666-77", "Filho", "2013-12-25", 14),
			(15, "Roberta Ribeiro", "555.666.777-88", "Sobrinha", "2006-05-14", 15),
			(16, "Lucas Souza", "666.777.888-99", "Irmão", "2001-07-17", 16),
			(17, "Paulo Duarte", "777.888.999-00", "Filho", "2015-03-21", 17),
			(18, "Carla Almeida", "888.999.000-11", "Filha", "2016-12-09", 18),
			(19, "Leonardo Campos", "999.000.111-22", "Sobrinho", "2009-10-30", 19),
			(20, "Ana Barbosa", "000.111.222-33", "Filha", "2014-05-15", 20),
			(21, "Lucas Gomes", "111.222.333-44", "Filho", "2017-07-05", 21),
			(22, "Mateus Cardoso", "222.333.444-55", "Filho", "2018-09-28", 22),
			(23, "Laura Cavalcanti", "333.444.555-66", "Filha", "2019-11-11", 23),
			(24, "Gabriel Azevedo", "444.555.666-77", "Filho", "2013-06-18", 24),
			(25, "Mariana Martins", "555.666.777-88", "Filha", "2015-04-29", 25),
			(26, "Bruno Rocha", "666.777.888-99", "Filho", "2017-02-05", 26),
			(27, "Maria Menezes", "777.888.999-00", "Filha", "2012-01-20", 27),
			(28, "Pedro Vasconcelos", "888.999.000-11", "Filho", "2013-08-17", 28),
			(29, "Sofia Neves", "999.000.111-22", "Filha", "2014-11-22", 29);
	

insert into enderecoFunc (Funcionarios_id, uf, cidade, bairro, rua, numero, comp, cep) 
	values 
    (1, "PE", "Recife", "Boa Viagem", "Av. Boa Viagem", 1200, "Apto 501", "51030-000"),
	(2,"PE", "Olinda", "Casa Caiada", "Rua do Sol", 234, "Casa", "53030-001"),
	(3,"PE", "Jaboatão dos Guararapes", "Candeias", "Rua das Flores", 456, "Bloco B", "54020-002"),
	(4,"PE", "Recife", "Espinheiro", "Av. Santos Dumont", 789, "Apto 202", "52030-003"),
	(5,"PE", "Olinda", "Rio Doce", "Rua das Palmeiras", 321, "Casa 5", "53030-004"),
	(6,"PE", "Recife", "Graças", "Rua da Aurora", 654, "Cobertura", "52020-005"),
	(7,"PE", "Jaboatão dos Guararapes", "Piedade", "Rua Atlântica", 987, "Apto 1302", "54420-006"),
	(8,"PE", "Recife", "Casa Forte", "Av. Dezessete de Agosto", 112, "Casa", "52060-007"),
	(9, "PE", "Olinda", "Varadouro", "Rua do Bonfim", 777, "Casa", "53030-008"),
	(10, "PE", "Recife", "Pina", "Rua Amélia", 888, "Bloco A", "51110-009"),
	(11, "PE", "Olinda", "Carmo", "Rua Treze de Maio", 432, "Casa", "53010-010"),
    (12, "PE", "Olinda", "Águas Compridas", "Rua do Bem", 543, "Bloco D", "53020-028"),
	(13, "PE", "Jaboatão dos Guararapes", "Barra de Jangada", "Av. Bernardo Vieira", 221, "Apto 101", "54440-011"),
	(14, "PE", "Recife", "Tamarineira", "Rua da Harmonia", 543, "Casa", "52050-012"),
	(15, "PE", "Olinda", "Bultrins", "Rua da Alegria", 876, "Bloco C", "53040-013"),
	(16, "PE", "Jaboatão dos Guararapes", "Prazeres", "Rua do Lazer", 345, "Casa", "54410-014"),
	(17, "PE", "Recife", "Madalena", "Rua da União", 123, "Cobertura", "51020-015"),
	(18, "PE", "Recife", "Boa Vista", "Av. Conde da Boa Vista", 567, "Apto 202", "50060-016"),
	(19, "PE", "Olinda", "Jardim Atlântico", "Rua Marília de Dirceu", 789, "Casa", "53050-017"),
	(20, "PE", "Jaboatão dos Guararapes", "Cajueiro Seco", "Rua da Esperança", 654, "Apto 501", "54430-018"),
	(21, "PE", "Recife", "Aflitos", "Rua dos Aflitos", 234, "Casa", "52070-019"),
	(22, "PE", "Recife", "Derby", "Av. Agamenon Magalhães", 111, "Bloco B", "52020-020"),
	(23, "PE", "Olinda", "Peixinhos", "Rua do Trabalho", 678, "Casa", "53060-021"),
	(24, "PE", "Jaboatão dos Guararapes", "Santo Aleixo", "Rua do Progresso", 890, "Apto 302", "54400-022"),
	(25, "PE", "Recife", "Imbiribeira", "Av. Recife", 1234, "Apto 101", "51230-023"),
	(26, "PE", "Recife", "Pina", "Rua da Saudade", 567, "Casa", "51100-024"),
	(27, "PE", "Jaboatão dos Guararapes", "Curado", "Av. Abdias de Carvalho", 345, "Bloco A", "54050-025"),
	(28, "PE", "Recife", "Várzea", "Rua do Futuro", 432, "Casa", "51080-026"),
	(29, "PE", "Recife", "Torre", "Av. Beira Rio", 876, "Apto 402", "51090-027");

insert into ferias(idFerias, qtdDias, anoRef, dataInicio, dataFim, Funcionarios_id) 
	values  (1, 30, 2023, "2023-01-10", "2023-02-09", 1),
			(2, 20, 2022, "2022-07-15", "2022-08-03", 2),
			(3, 15, 2023, "2023-09-05", "2023-09-20", 3),
			(4, 25, 2021, "2021-12-01", "2021-12-26", 4),
			(5, 30, 2022, "2022-05-10", "2022-06-09", 5),
			(6, 20, 2023, "2023-08-01", "2023-08-20", 6),
			(7, 15, 2023, "2023-06-10", "2023-06-25", 7),
			(8, 30, 2021, "2021-11-10", "2021-12-09", 8),
			(9, 25, 2022, "2022-03-01", "2022-03-26", 9),
			(10, 30, 2023, "2023-04-15", "2023-05-14", 10),
			(11, 20, 2022, "2022-08-10", "2022-08-30", 11),
			(12, 15, 2021, "2021-10-01", "2021-10-16", 12),
			(13, 30, 2023, "2023-02-20", "2023-03-21", 13),
			(14, 25, 2022, "2022-06-05", "2022-06-30", 14),
			(15, 30, 2023, "2023-07-01", "2023-07-30", 15),
			(16, 20, 2021, "2021-09-15", "2021-10-05", 16),
			(17, 15, 2023, "2023-05-01", "2023-05-16", 17),
			(18, 30, 2022, "2022-10-20", "2022-11-19", 18),
			(19, 25, 2023, "2023-03-15", "2023-04-09", 19),
			(20, 30, 2022, "2022-07-10", "2022-08-09", 20),
			(21, 20, 2023, "2023-09-01", "2023-09-21", 21),
			(22, 15, 2021, "2021-06-01", "2021-06-16", 22),
			(23, 30, 2023, "2023-02-10", "2023-03-11", 23),
			(24, 25, 2022, "2022-05-05", "2022-05-30", 24),
			(25, 30, 2023, "2023-07-25", "2023-08-23", 25),
			(26, 20, 2022, "2022-09-10", "2022-09-30", 26),
			(27, 15, 2021, "2021-04-01", "2021-04-16", 27),
			(28, 30, 2023, "2023-06-10", "2023-07-09", 28),
			(29, 25, 2022, "2022-02-15", "2022-03-11", 29);


insert into projeto(idProjeto, nome, descricao, dataInicio, DataFim, Funcionarios_id) 
	values  (1, "Campanha de Branding", "Desenvolvimento da identidade visual para nova marca", "2023-01-10", "2023-02-28", 1),
			(2, "Otimização de SEO", "Melhoria do ranqueamento orgânico no Google para clientes", "2022-05-15", "2022-07-30", 2),
			(3, "Redação para Blog", "Criação de artigos de blog para aumento de tráfego orgânico", "2023-07-01", "2023-09-15", 3),
			(4, "Vídeo Institucional", "Produção e edição de vídeo corporativo", "2021-10-05", "2021-12-10", 4),
			(5, "Fotografia de Produto", "Sessão de fotos para catálogo de e-commerce", "2022-04-01", "2022-05-01", 5),
			(6, "Análise de Dados de Marketing", "Análise de KPIs de campanhas para otimização de ROI", "2023-06-01", "2023-07-15", 6),
			(7, "Planejamento de Conteúdo", "Criação de um cronograma de postagens para redes sociais", "2023-05-10", "2023-06-30", 7),
			(8, "Desenvolvimento de Website", "Criação de um site institucional com foco em UX/UI", "2020-03-01", "2020-05-15", 8),
			(9, "Gestão de Projetos", "Implementação de metodologia Agile em novos projetos", "2021-11-20", "2022-01-30", 9),
			(10, "Publicidade Online", "Estratégia de anúncios pagos no Google Ads", "2023-03-01", "2023-04-15", 10),
			(11, "Estratégia de Marca", "Planejamento de marca para novo cliente", "2022-01-15", "2022-03-30", 11),
			(12, "Criação de Campanha Publicitária", "Desenvolvimento de conceito e execução de campanha", "2020-05-20", "2020-07-05", 12),
			(13, "Edição de Imagem", "Pós-produção de fotos para site de e-commerce", "2023-09-15", "2023-10-15", 13),
			(14, "Parcerias com Influenciadores", "Gestão de contratos com influenciadores para campanha", "2022-02-01", "2022-04-10", 14),
			(15, "Jornalismo Digital", "Produção de reportagens digitais para plataforma online", "2021-08-25", "2021-10-15", 15),
			(16, "Análise de Mercado", "Estudo de mercado para expansão de produtos", "2020-10-05", "2020-11-25", 16),
			(17, "Comunicação Interna", "Desenvolvimento de estratégias de comunicação interna", "2023-02-15", "2023-04-01", 17),
			(18, "SEO Avançado", "Otimização de SEO técnico para clientes de grande porte", "2022-06-01", "2022-07-20", 18),
			(19, "Marketing Digital para E-commerce", "Criação de estratégias de marketing para lojas online", "2023-04-05", "2023-05-30", 19),
			(20, "Produção de Podcast", "Desenvolvimento e produção de um podcast corporativo", "2021-01-10", "2021-03-10", 20),
			(21, "Criação de Conteúdo", "Elaboração de conteúdo para campanhas de inbound marketing", "2020-09-10", "2020-10-25", 21),
			(22, "Edição de Vídeos", "Pós-produção de vídeos para campanhas publicitárias", "2023-01-20", "2023-03-05", 22),
			(23, "Facebook Ads", "Estratégia de mídia paga para aumento de conversão", "2021-10-01", "2021-11-15", 23),
			(24, "Gestão de Crises", "Planejamento de comunicação estratégica em situações de crise", "2022-07-20", "2022-09-10", 24),
			(25, "Criação de Conteúdo", "Criação de conteúdo multimídia para redes sociais", "2023-10-01", "2023-11-15", 25),
			(26, "Google Ads", "Otimização de campanhas de Google Ads para maximizar ROI", "2020-06-01", "2020-07-15", 26),
			(27, "Atendimento ao Cliente", "Implementação de novos processos para melhorar a experiência do cliente", "2022-09-01", "2022-10-20", 27),
			(28, "SEO Técnico", "Melhoria na performance do site para SEO técnico", "2021-12-10", "2022-01-25", 28),
			(29, "Gestão de Redes Sociais", "Criação de estratégias para crescimento orgânico nas redes", "2023-02-01", "2023-03-15", 29);
            
insert into cliente(idCliente, nome, email, sexo, dataNasc, CPF) 
	values  (1, "João Silva", "joao.silva@gmail.com", "M", "1985-06-12", "111.222.333-44"),
			(2, "Maria Santos", "maria.santos@gmail.com", "F", "1990-09-18", "222.333.444-55"),
			(3, "Carlos Pereira", "carlos.pereira@gmail.com", "M", "1982-11-25", "333.444.555-66"),
			(4, "Ana Costa", "ana.costa@gmail.com", "F", "1993-02-03", "444.555.666-77"),
			(5, "Pedro Oliveira", "pedro.oliveira@gmail.com", "M", "1987-07-14", "555.666.777-88"),
			(6, "Fernanda Souza", "fernanda.souza@gmail.com", "F", "1995-04-22", "666.777.888-99"),
			(7, "Rodrigo Almeida", "rodrigo.almeida@gmail.com", "M", "1989-10-05", "777.888.999-00"),
			(8, "Juliana Mendes", "juliana.mendes@gmail.com", "F", "1992-01-17", "888.999.000-11"),
			(9, "Ricardo Nunes", "ricardo.nunes@gmail.com", "M", "1991-03-29", "999.000.111-22"),
			(10, "Carolina Ramos", "carolina.ramos@gmail.com", "F", "1988-12-05", "000.111.222-33"),
			(11, "Felipe Rocha", "felipe.rocha@gmail.com", "M", "1994-08-23", "111.222.333-44"),
			(12, "Aline Souza", "aline.souza@gmail.com", "F", "1993-06-11", "222.333.444-55"),
			(13, "Gabriel Fernandes", "gabriel.fernandes@gmail.com", "M", "1986-09-30", "333.444.555-66"),
			(14, "Patrícia Lima", "patricia.lima@gmail.com", "F", "1990-04-07", "444.555.666-77"),
			(15, "Rafael Martins", "rafael.martins@gmail.com", "M", "1984-05-18", "555.666.777-88");
            
insert into enderecoCli (Cliente_idCliente, uf, cidade, bairro, rua, numero, comp, cep) 
	values  (1, "PE", "Recife", "Boa Vista", "Rua das Flores", 123, "Apto 201", "50060-100"),
			(2, "SP", "São Paulo", "Jardins", "Av. Paulista", 456, "Bloco B", "01310-200"),
			(3, "RJ", "Rio de Janeiro", "Copacabana", "Rua Atlântica", 789, "", "22070-001"),
			(4, "MG", "Belo Horizonte", "Savassi", "Rua da Bahia", 321, "Sala 101", "30160-907"),
			(5, "PE", "Olinda", "Casa Caiada", "Rua do Sol", 654, "", "53030-190"),
			(6, "BA", "Salvador", "Barra", "Av. Oceânica", 987, "Cobertura", "40140-130"),
			(7, "PR", "Curitiba", "Centro", "Rua XV de Novembro", 432, "Loja 5", "80020-310"),
			(8, "RS", "Porto Alegre", "Moinhos de Vento", "Rua Padre Chagas", 876, "", "90570-080"),
			(9, "CE", "Fortaleza", "Meireles", "Av. Beira Mar", 543, "Apto 102", "60165-120"),
			(10, "SC", "Florianópolis", "Centro", "Rua Felipe Schmidt", 123, "", "88010-001"),
			(11, "PE", "Jaboatão dos Guararapes", "Piedade", "Av. Bernardo Vieira", 987, "Casa", "54400-000"),
			(12, "DF", "Brasília", "Asa Sul", "SQS 303", 654, "Bloco A", "70330-500"),
			(13, "MA", "São Luís", "Renascença", "Rua dos Navegantes", 321, "Apto 301", "65075-123"),
			(14, "GO", "Goiânia", "Setor Bueno", "Av. T-63", 876, "Casa 2", "74230-100"),
			(15, "PE", "Caruaru", "Maurício de Nassau", "Rua da Conceição", 432, "Sala 5", "55004-120");


insert into interacao (idInteracao, dataInteracao, tipoInteracao, descricao, Cliente_id)
	values  (1, '2024-01-10', 'Postagem', 'Criação de conteúdo para postagem sobre branding.', 1),
			(2, '2024-01-12', 'Mensagem', 'Envio de proposta de campanha de marketing.', 2),
			(3, '2024-01-15', 'Reunião', 'Reunião para discutir estratégias de redes sociais.', 3),
			(4, '2024-01-18', 'Postagem', 'Planejamento de postagem para Instagram.', 4),
			(5, '2024-01-20', 'Feedback', 'Feedback sobre a última campanha de mídia.', 5),
			(6, '2024-01-22', 'Mensagem', 'Envio de atualizações sobre o progresso do projeto.', 6),
			(7, '2024-01-25', 'Reunião', 'Discussão sobre análise de métricas e resultados.', 7),
			(8, '2024-01-28', 'Postagem', 'Desenvolvimento de conteúdo para blog.', 8),
			(9, '2024-01-30', 'Feedback', 'Análise de comentários de clientes sobre a última campanha.', 9),
			(10, '2024-02-02', 'Mensagem', 'Envio de dicas sobre engajamento nas redes sociais.', 10),
			(11, '2024-02-05', 'Reunião', 'Reunião para revisão de estratégias de publicidade.', 11),
			(12, '2024-02-08', 'Postagem', 'Criação de conteúdo visual para Facebook.', 12),
			(13, '2024-02-12', 'Feedback', 'Feedback sobre as novas postagens.', 13),
			(14, '2024-02-15', 'Mensagem', 'Atualização sobre as métricas de desempenho.', 14),
			(15, '2024-02-18', 'Reunião', 'Planejamento da próxima campanha de marketing digital.', 15);
            

insert into campanha (idCampanha, nome, objetivo, orcamento, dataInicio, dataFim, Funcionarios_id, Cliente_idCliente)
	values 	(1, 'Aumentar Seguidores', 'Impulsionar o número de seguidores nas redes sociais', 3000.00, '2024-01-01', '2024-01-15', 1, 1),
			(2, 'Engajamento de Postagens', 'Aumentar a interação nas postagens', 2000.00, '2024-01-05', '2024-01-20', 2, 2),
			(3, 'Campanha de Influenciadores', 'Colaborar com influenciadores para aumentar a visibilidade', 5000.00, '2024-02-01', '2024-02-15', 3, 3),
			(4, 'Sorteio de Produtos', 'Gerar buzz e engajamento por meio de sorteios', 1500.00, '2024-02-10', '2024-02-20', 4, 4),
			(5, 'Anúncio de Promoção', 'Aumentar as vendas com anúncios pagos', 4000.00, '2024-02-15', '2024-03-01', 5, 5),
			(6, 'Vídeos Promocionais', 'Criar vídeos para aumentar a conscientização da marca', 6000.00, '2024-03-01', '2024-03-15', 6, 6),
			(7, 'Campanha de Conteúdo Educacional', 'Oferecer valor por meio de conteúdo informativo', 3500.00, '2024-03-05', '2024-03-20', 7, 7),
			(8, 'Rebranding nas Redes', 'Reposicionar a marca através de redes sociais', 8000.00, '2024-04-01', '2024-04-30', 8, 8),
			(9, 'Campanha de Natal', 'Promoções especiais para o Natal', 5000.00, '2024-11-01', '2024-12-25', 9, 9),
			(10, 'Feedback de Clientes', 'Coletar depoimentos e feedbacks nas redes sociais', 2500.00, '2024-05-01', '2024-05-15', 10, 10),
			(11, 'Lançamento de Serviço', 'Promover um novo serviço da agência', 7000.00, '2024-06-01', '2024-06-15', 11, 11),
			(12, 'Estudo de Caso', 'Destacar projetos anteriores bem-sucedidos', 3000.00, '2024-06-15', '2024-07-01', 12, 12),
			(13, 'Campanha de Conscientização', 'Educar o público sobre um tema relevante', 4000.00, '2024-07-01', '2024-07-15', 13, 13),
			(14, 'Desafio nas Redes', 'Criar um desafio interativo para o público', 4500.00, '2024-07-15', '2024-07-30', 14, 14),
			(15, 'Segmentação de Anúncios', 'Aumentar leads qualificados por meio de anúncios segmentados', 5500.00, '2024-08-01', '2024-08-15', 15, 15),
			(16, 'Campanha de Retargeting', 'Reengajar visitantes do site através de anúncios', 4000.00, '2024-08-10', '2024-08-25', 1, 1),
			(17, 'Estatísticas de Redes', 'Apresentar dados de performance nas redes sociais', 2000.00, '2024-09-01', '2024-09-15', 2, 2),
			(18, 'Criação de Comunidade', 'Fomentar a criação de grupos ou comunidades online', 3500.00, '2024-09-10', '2024-09-25', 3, 3),
			(19, 'E-book Gratuito', 'Aumentar leads oferecendo conteúdo gratuito', 5000.00, '2024-10-01', '2024-10-15', 4, 4),
			(20, 'Anúncio em Vídeo', 'Criar anúncios em vídeo para plataformas sociais', 6000.00, '2024-10-05', '2024-10-20', 5, 5);
		

insert into conteudo (idConteudo, tipo, dataPubli, links, texto, videoURL, imagemURL, Campanha_idCampanha)
	values	(1, 'Postagem', '2024-01-02', 'https://exemplo.com/post1', 'Confira nosso novo conteúdo sobre como aumentar seguidores!', NULL, 'https://exemplo.com/imagem1.jpg', 1),
			(2, 'Vídeo', '2024-01-06', 'https://exemplo.com/video1', 'Assista ao vídeo de engajamento de postagens!', 'https://exemplo.com/video1.mp4', NULL, 2),
			(3, 'Stories', '2024-02-02', 'https://exemplo.com/stories1', 'Veja como estamos colaborando com influenciadores!', NULL, 'https://exemplo.com/imagem2.jpg', 3),
			(4, 'Sorteio', '2024-02-12', 'https://exemplo.com/sorteio', 'Participe do nosso sorteio e concorra a prêmios incríveis!', NULL, 'https://exemplo.com/imagem3.jpg', 4),
			(5, 'Anúncio', '2024-02-18', 'https://exemplo.com/anuncio1', 'Promoções imperdíveis estão chegando!', NULL, 'https://exemplo.com/imagem4.jpg', 5),
			(6, 'Vídeo', '2024-03-02', 'https://exemplo.com/video2', 'Assista ao nosso vídeo promocional!', 'https://exemplo.com/video2.mp4', NULL, 6),
			(7, 'Blog Post', '2024-03-06', 'https://exemplo.com/blog1', 'Aprenda sobre conteúdo educativo nas redes sociais.', NULL, 'https://exemplo.com/imagem5.jpg', 7),
			(8, 'Infográfico', '2024-04-02', 'https://exemplo.com/infografico1', 'Confira nosso novo infográfico sobre rebranding!', NULL, 'https://exemplo.com/imagem6.jpg', 8),
			(9, 'Postagem', '2024-11-02', 'https://exemplo.com/natal', 'Descubra nossas promoções de Natal!', NULL, 'https://exemplo.com/imagem7.jpg', 9),
			(10, 'Testemunho', '2024-05-05', 'https://exemplo.com/testemunho1', 'Veja o que nossos clientes estão dizendo!', NULL, 'https://exemplo.com/imagem8.jpg', 10),
			(11, 'Anúncio', '2024-06-05', 'https://exemplo.com/novo-servico', 'Estamos lançando um novo serviço!', NULL, 'https://exemplo.com/imagem9.jpg', 11),
			(12, 'Case Study', '2024-06-20', 'https://exemplo.com/case-study1', 'Veja nosso estudo de caso sobre sucesso em campanhas.', NULL, 'https://exemplo.com/imagem10.jpg', 12),
			(13, 'Postagem', '2024-07-01', 'https://exemplo.com/consciencia', 'Junte-se a nós na campanha de conscientização!', NULL, 'https://exemplo.com/imagem11.jpg', 13),
			(14, 'Desafio', '2024-07-16', 'https://exemplo.com/desafio', 'Participe do nosso desafio e mostre sua criatividade!', NULL, 'https://exemplo.com/imagem12.jpg', 14),
			(15, 'Anúncio', '2024-08-02', 'https://exemplo.com/leads', 'Aumente seus leads com nossos anúncios segmentados!', NULL, 'https://exemplo.com/imagem13.jpg', 15),
			(16, 'Retargeting', '2024-08-12', 'https://exemplo.com/retargeting', 'Não perca nossa oferta especial para visitantes!', NULL, 'https://exemplo.com/imagem14.jpg', 16),
			(17, 'Postagem', '2024-09-02', 'https://exemplo.com/estatisticas', 'Veja nossas estatísticas de redes sociais!', NULL, 'https://exemplo.com/imagem15.jpg', 17),
			(18, 'Blog Post', '2024-09-11', 'https://exemplo.com/comunidade', 'Vamos falar sobre a criação de comunidades online.', NULL, 'https://exemplo.com/imagem16.jpg', 18),
			(19, 'E-book', '2024-10-02', 'https://exemplo.com/ebook', 'Baixe nosso e-book gratuito!', NULL, 'https://exemplo.com/imagem17.jpg', 19),
			(20, 'Vídeo', '2024-10-10', 'https://exemplo.com/anuncio-video', 'Assista ao nosso anúncio em vídeo!', 'https://exemplo.com/video3.mp4', NULL, 20);

insert into metricapost(idMetricaPost, tipo, valor, dataRegistro, Conteudo_id)
	values  (1, 'Visualizações', 1200, '2024-01-03 12:00:00', 1),
			(2, 'Curtidas', 300, '2024-01-03 12:00:00', 1),
			(3, 'Compartilhamentos', 50, '2024-01-03 12:00:00', 1),
			(4, 'Comentários', 10, '2024-01-03 12:00:00', 1),
			(5, 'Visualizações', 1500, '2024-01-07 14:30:00', 2),
			(6, 'Curtidas', 450, '2024-01-07 14:30:00', 2),
			(7, 'Compartilhamentos', 75, '2024-01-07 14:30:00', 2),
			(8, 'Comentários', 25, '2024-01-07 14:30:00', 2),
			(9, 'Visualizações', 900, '2024-02-03 09:00:00', 3),
			(10, 'Curtidas', 200, '2024-02-03 09:00:00', 3),
			(11, 'Compartilhamentos', 40, '2024-02-03 09:00:00', 3),
			(12, 'Comentários', 5, '2024-02-03 09:00:00', 3),
			(13, 'Visualizações', 1300, '2024-02-13 11:15:00', 4),
			(14, 'Curtidas', 350, '2024-02-13 11:15:00', 4),
			(15, 'Compartilhamentos', 60, '2024-02-13 11:15:00', 4),
			(16, 'Comentários', 15, '2024-02-13 11:15:00', 4),
			(17, 'Visualizações', 1100, '2024-03-03 08:45:00', 5),
			(18, 'Curtidas', 250, '2024-03-03 08:45:00', 5),
			(19, 'Compartilhamentos', 45, '2024-03-03 08:45:00', 5),
			(20, 'Comentários', 8, '2024-03-03 08:45:00', 5);


insert into metricascampanha (idMetrica, tipo, valor, dataRegistro, Campanha_id)
    values  (1, 'Cliques', 150, '2024-01-03 10:00:00', 1),
			(2, 'Impressões', 3000, '2024-01-03 10:00:00', 1),
			(3, 'Cliques', 200, '2024-01-07 15:30:00', 2),
			(4, 'Impressões', 5000, '2024-01-07 15:30:00', 2),
			(5, 'Cliques', 175, '2024-02-10 09:15:00', 3),
			(6, 'Impressões', 4500, '2024-02-10 09:15:00', 3),
			(7, 'Cliques', 250, '2024-03-05 11:30:00', 4),
			(8, 'Impressões', 6500, '2024-03-05 11:30:00', 4),
			(9, 'Cliques', 120, '2024-03-15 14:45:00', 5),
			(10, 'Impressões', 3700, '2024-03-15 14:45:00', 5),
			(11, 'Cliques', 300, '2024-04-01 09:30:00', 6),
			(12, 'Impressões', 4000, '2024-04-01 09:30:00', 6),
			(13, 'Cliques', 210, '2024-04-15 11:00:00', 7),
			(14, 'Impressões', 5200, '2024-04-15 11:00:00', 7),
			(15, 'Cliques', 175, '2024-04-20 14:30:00', 8),
			(16, 'Impressões', 4800, '2024-04-20 14:30:00', 8),
			(17, 'Cliques', 325, '2024-05-10 10:15:00', 9),
			(18, 'Impressões', 6100, '2024-05-10 10:15:00', 9),
			(19, 'Cliques', 290, '2024-05-20 12:00:00', 10),
			(20, 'Impressões', 5900, '2024-05-20 12:00:00', 10);


insert into fornecedor(idFornecedor, nome, CNPJ, email, Campanha_idCampanha)
	values  (1, 'Criativa Mídias', '12.345.678/0001-90', 'contato@criativamidas.com', 1),
			(2, 'Produções Digitais', '98.765.432/0001-01', 'fornecedorB@gmail.com', 2),
			(3, 'Design & Arte', '23.456.789/0001-23', 'designarte@gmail.com', 3),
			(4, 'Agência de Conteúdo', '34.567.890/0001-34', 'agenciacontudo@gmail.com', 4),
			(5, 'Market Estratégico', '45.678.901/0001-45', 'marketestrategico@gmail.com', 5),
			(6, 'Social Media Pro', '56.789.012/0001-56', 'socialmediapro@gmail.com', 6),
			(7, 'Anúncios Digitais', '67.890.123/0001-67', 'anunciosdigitais@gmail.com', 7),
			(8, 'Consultoria Criativa', '78.901.234/0001-78', 'consultoriacriativa@gmail.com', 8),
			(9, 'Gestão de Mídias', '89.012.345/0001-89', 'gestaodemidias@gmail.com', 9),
			(10, 'Eventos & Marketing', '90.123.456/0001-90', 'eventosmarketing@gmail.com', 10),
			(11, 'Influenciadores Conectados', '01.234.567/0001-01', 'influenciadores@gmail.com', 11),
			(12, 'Campanhas Eficazes', '12.345.678/0001-12', 'campanhas@eficazes.com', 12),
			(13, 'Produção de Vídeo', '23.456.789/0001-23', 'prodvideocamp@gmail.com', 13),
			(14, 'Consultoria Digital', '34.567.890/0001-34', 'consultoridigital@gmail.com', 14),
			(15, 'Marketing de Influência', '45.678.901/0001-45', 'markinfl@gmail.com', 15);


insert into telefone (idTelefone, numero, Funcionarios_idFuncionarios, Fornecedor_idFornecedor)
	values  (1, '(81) 91234-5678', 1, NULL),  
			(2, '(81) 98765-4321', 2, NULL),  
			(3, '(81) 99876-5432', 3, NULL),  
			(4, '(81) 93456-7890', 4, NULL),  
			(5, '(81) 92345-6789', 5, NULL), 
			(6, '(81) 91987-6543', 6, NULL),  
			(7, '(81) 91111-2222', 7, NULL),  
			(8, '(81) 92222-3333', 8, NULL),  
			(9, '(81) 93333-4444', 9, NULL),  
			(10, '(81) 94444-5555', 10, NULL), 
			(11, '(81) 95555-6666', 11, NULL), 
			(12, '(81) 96666-7777', 12, NULL), 
			(13, '(81) 97777-8888', 13, NULL), 
			(14, '(81) 98888-9999', 14, NULL), 
			(15, '(81) 99999-0000', 15, NULL), 
			(16, '(81) 90000-1111', 16, NULL), 
			(17, '(81) 91112-2222', 17, NULL), 
			(18, '(81) 92223-3333', 18, NULL), 
			(19, '(81) 93334-4444', 19, NULL), 
			(20, '(81) 94445-5555', 20, NULL), 
			(21, '(81) 95556-6666', 21, NULL), 
			(22, '(81) 96667-7777', 22, NULL), 
			(23, '(81) 97778-8888', 23, NULL), 
			(24, '(81) 98889-9999', 24, NULL), 
			(25, '(81) 99990-0000', 25, NULL),
			(26, '(81) 90001-1111', 26, NULL), 
			(27, '(81) 91113-2222', 27, NULL), 
			(28, '(81) 92224-3333', 28, NULL), 
			(29, '(81) 93335-4444', 29, NULL), 
			(30, '(81) 90002-2222', NULL, 1),   
			(31, '(81) 90003-3333', NULL, 2),   
			(32, '(81) 90004-4444', NULL, 3),   
			(33, '(81) 90005-5555', NULL, 4),   
			(34, '(81) 90006-6666', NULL, 5),   
			(35, '(81) 90007-7777', NULL, 6),  
			(36, '(81) 90008-8888', NULL, 7);   


insert into transacao (idTransacao, data, valor, descricao, Fornecedor_id)
	values  (1, '2024-01-10 10:00:00', 1500.00, 'Pagamento por serviços de design gráfico', 1),  
			(2, '2024-01-15 12:30:00', 2000.00, 'Produção de vídeo para campanha', 2),          
			(3, '2024-01-20 14:45:00', 1000.00, 'Contratação de fotógrafo para evento', 3),    
			(4, '2024-01-25 09:15:00', 2500.00, 'Desenvolvimento de conteúdo para redes sociais', 4), 
			(5, '2024-01-30 11:00:00', 3000.00, 'Consultoria criativa para planejamento de campanha', 5), 
			(6, '2024-02-05 08:30:00', 1200.00, 'Serviços de marketing digital', 6),         
			(7, '2024-02-10 13:00:00', 1800.00, 'Produção de material publicitário', 7),     
			(8, '2024-02-15 15:30:00', 1700.00, 'Pagamento de serviços de consultoria', 1),   
			(9, '2024-02-20 10:15:00', 2200.00, 'Criação de campanha publicitária', 2),      
			(10, '2024-02-25 14:00:00', 1600.00, 'Edição de vídeo promocional', 3),           
			(11, '2024-03-02 09:45:00', 2400.00, 'Planejamento estratégico de conteúdo', 4),  
			(12, '2024-03-05 11:15:00', 2100.00, 'Desenvolvimento de site para cliente', 5),  
			(13, '2024-03-10 08:00:00', 1300.00, 'Criação de postagens para redes sociais', 6),
			(14, '2024-03-15 12:00:00', 1900.00, 'Análise de resultados de campanha', 7),     
			(15, '2024-03-20 14:30:00', 2500.00, 'Consultoria de imagem e branding', 1);
            
insert into telefonecli (idTelefone, numero, Cliente_id)
	values  (1, '(81) 91234-5678', 1), 
			(2, '(81) 92345-6789', 2),  
			(3, '(81) 93456-7890', 3),  
			(4, '(81) 94567-8901', 4),  
			(5, '(81) 95678-9012', 5),  
			(6, '(81) 96789-0123', 6),  
			(7, '(81) 97890-1234', 7),  
			(8, '(81) 98901-2345', 8),  
			(9, '(81) 99012-3456', 9),  
			(10, '(81) 90123-4567', 10),
			(11, '(81) 91234-5670', 11), 
			(12, '(81) 92345-6781', 12), 
			(13, '(81) 93456-7892', 13), 
			(14, '(81) 94567-8903', 14), 
			(15, '(81) 95678-9014', 15);

insert into contrato (idContrato, termos, custoServico, dataFim, dataInicio, Cliente_id)
	values  (1, 'Contrato de prestação de serviços de gerenciamento de mídias sociais.', 1500.00, '2024-12-31', '2024-01-01', 1),  
			(2, 'Contrato de criação e gerenciamento de campanha publicitária.', 2000.00, '2024-11-30', '2024-02-01', 2),
			(3, 'Contrato para serviços de design gráfico e branding.', 1200.00, '2024-10-15', '2024-03-01', 3),  
			(4, 'Contrato de consultoria em marketing digital.', 1800.00, '2024-09-20', '2024-04-01', 4),  
			(5, 'Contrato para desenvolvimento de website e manutenção.', 2500.00, '2024-08-10', '2024-05-01', 5),  
			(6, 'Contrato de gestão de redes sociais e conteúdo.', 1700.00, '2024-07-25', '2024-06-01', 6),  
			(7, 'Contrato para serviços de vídeo e fotografia.', 2200.00, '2024-06-30', '2024-07-01', 7),  
			(8, 'Contrato de criação de conteúdo e gerenciamento de campanha.', 1600.00, '2024-05-15', '2024-08-01', 8),  
			(9, 'Contrato para gestão de crises e comunicação estratégica.', 1900.00, '2024-04-10', '2024-09-01', 9),  
			(10, 'Contrato para assessoria de imprensa e relações públicas.', 1400.00, '2024-03-05', '2024-10-01', 10),  
			(11, 'Contrato de produção de conteúdo digital e gestão de mídia.', 2100.00, '2024-12-15', '2024-01-10', 11),  
			(12, 'Contrato para otimização de SEO e marketing de conteúdo.', 1300.00, '2024-11-20', '2024-02-15', 12),  
			(13, 'Contrato de criação de campanhas publicitárias em redes sociais.', 1750.00, '2024-10-05', '2024-03-10', 13),  
			(14, 'Contrato de gerenciamento de e-commerce e marketing digital.', 2000.00, '2024-09-15', '2024-04-20', 14),  
			(15, 'Contrato de consultoria em estratégia de marca e posicionamento.', 1850.00, '2024-08-01', '2024-05-25', 15),  
			(16, 'Contrato para serviços de marketing de influência.', 2300.00, '2024-07-15', '2024-06-15', 16),  
			(17, 'Contrato de gestão de mídia paga e anúncios digitais.', 2000.00, '2024-06-20', '2024-07-10', 17),  
			(18, 'Contrato de branding e identidade visual.', 1900.00, '2024-05-30', '2024-08-01', 18),  
			(19, 'Contrato de assessoria de marketing e vendas.', 1600.00, '2024-04-10', '2024-09-15', 19),  
			(20, 'Contrato de desenvolvimento de aplicativos e soluções digitais.', 2400.00, '2024-03-01', '2024-10-30', 20);
    
    
INSERT INTO agendamentos (idAgendamento, statusPost, plataforma, dataPost, Conteudo_id)
	VALUES (1, 'Pendente', 'Instagram', '2024-10-23', 1),
		   (2, 'Aprovado', 'Facebook', '2024-10-24', 2),
		   (3, 'Publicado', 'Twitter', '2024-10-25', 3),
		   (4, 'Pendente', 'LinkedIn', '2024-10-26', 4),
		   (5, 'Aprovado', 'Instagram', '2024-10-27', 5),
		   (6, 'Rejeitado', 'Facebook', '2024-10-28', 6),
		   (7, 'Pendente', 'Twitter', '2024-10-29', 7),
		   (8, 'Publicado', 'LinkedIn', '2024-10-30', 8),
		   (9, 'Rejeitado', 'Instagram', '2024-11-01', 9),
		   (10, 'Aprovado', 'Facebook', '2024-11-02', 10);

INSERT INTO contrato (idContrato, termos, custoServico, dataFim, dataInicio, Cliente_id)
	VALUES (1, 'Termos padrão', 1500.00, '2025-12-31', '2024-01-01', 1),
		   (2, 'Termos premium', 2500.00, '2026-01-01', '2024-02-01', 2),
		   (3, 'Termos padrão', 1800.00, '2025-11-30', '2024-03-01', 3),
		   (4, 'Termos básico', 1200.00, '2025-10-15', '2024-04-01', 4),
		   (5, 'Termos avançado', 2200.00, '2026-02-28', '2024-05-01', 5),
		   (6, 'Termos premium', 3000.00, '2026-05-31', '2024-06-01', 6),
		   (7, 'Termos padrão', 1500.00, '2025-09-30', '2024-07-01', 7),
		   (8, 'Termos básico', 1000.00, '2025-08-31', '2024-08-01', 8),
		   (9, 'Termos avançado', 2500.00, '2026-03-15', '2024-09-01', 9),
		   (10, 'Termos padrão', 1600.00, '2025-07-31', '2024-10-01', 10);


INSERT INTO formapag (idFormaPag, tipo, parcela, valorTotal, Cliente_id)
VALUES (1,'Cartão de Crédito', 3, 1500.00, 1),
       (2,'Boleto Bancário', 1, 2500.00, 2),
       (3,'Cartão de Crédito', 5, 1800.00, 3),
       (4,'Transferência Bancária', 1, 1200.00, 4),
       (5,'Cartão de Crédito', 4, 2200.00, 5),
       (6,'Pix', 1, 3000.00, 6),
       (7,'Boleto Bancário', 2, 1500.00, 7),
       (8,'Transferência Bancária', 1, 1000.00, 8),
       (9,'Cartão de Crédito', 6, 2500.00, 9),
       (10,'Pix', 1, 1600.00, 10);




	

